Plant Name,mean_width,mean_length,median_width,median_length,std_width,std_length
Dandelion,2.07,5.0600000000000005,2.1,4.95,0.5498484639728781,0.6275171533733381
Maple,4.29,9.05,4.1,9.05,0.7030884249746495,0.6328945848682512
Rose,3.55,6.32,3.6,6.35,0.5233439489369193,0.5846176338238335
