Plant Name,mean_width,median_width,std_width,var_width,mean_length,median_length,std_length,var_length
Dandelion,2.07,2.1,0.5498484639728781,0.30233333333333345,5.0600000000000005,4.95,0.6275171533733381,0.3937777777777776
Maple,4.29,4.1,0.7030884249746495,0.4943333333333333,9.05,9.05,0.6328945848682512,0.4005555555555561
Rose,3.55,3.6,0.5233439489369193,0.2738888888888888,6.32,6.35,0.5846176338238335,0.3417777777777779
All,3.3033333333333332,3.55,1.1015610657649422,1.213436781609195,6.8100000000000005,6.35,1.7948873752007874,3.2216206896551722
